"","country_id","party","party_id","cee","ches_id","family","cmp_id","parlgov_id","manichean","indivisble","generalwill","peoplecentrism","antielitism","complex","emotional","lroverall","lrecon","immigration","eu","nativism","laworder","lifestyle","intradem","personalised","nr_experts","mean_expert_response","populism"
"1","AU","SPO",101,0,1301,5,42320,973,3.66666674613953,3.76923084259033,3.69230771064758,3.69230771064758,3.23076915740967,6.46153831481934,4.8461537361145,3.53846144676208,2.92307686805725,5.46153831481934,8.07692337036133,2.46153855323792,3.38461542129517,7.38461542129517,6.307692527771,6.23076915740967,13,12.9375,2.17678928375244
"2","AU","OVP",102,0,1302,4,42520,1013,5.58333349227905,5,5.07692289352417,4.07692289352417,3.76923084259033,4.76923084259033,6.76923084259033,7.307692527771,7.61538457870483,2.07692313194275,6.307692527771,6.53846168518066,7,2.92307686805725,4.53846168518066,8.53846168518066,13,12.9375,3.80231380462646
"3","AU","FPO",103,0,1303,1,42420,50,7.91666650772095,8.38461494445801,8.46153831481934,8.53846168518066,8.58333301544189,1.69230771064758,8.76923084259033,8.53846168518066,6.23076915740967,0.384615391492844,1.53846156597137,9.307692527771,9.15384578704834,2.30769228935242,2.61538457870483,8.61538505554199,13,12.875,8.8984899520874
"4","AU","Gruene",104,0,1304,7,42110,1429,4.16666650772095,1.92307686805725,2.30769228935242,3.76923084259033,3.53846144676208,7,4.61538457870483,2.69230771064758,2.61538457870483,8.07692337036133,8.76923084259033,0.692307710647583,1.30769228935242,8.38461494445801,8.15384578704834,3.1538462638855,13,12.9375,1.47769749164581
"5","AU","NEOS",105,0,1306,3,42430,2255,3.58333325386047,1.92307686805725,2.38461542129517,3.69230771064758,3.53846144676208,6,4.38461542129517,6,7.46153831481934,6.07692289352417,9.23076915740967,1.92307686805725,1.61538457870483,8.15384578704834,7.66666650772095,6.307692527771,13,12.875,1.33999705314636
"6","AU","PILZ",106,0,NA,7,42120,2651,4.77777767181396,3.20000004768372,3.55555558204651,4.19999980926514,5.33333349227905,4.40000009536743,5.08333349227905,3,2.72727274894714,5.75,7,2.81818175315857,2.46153855323792,7.83333349227905,5.77777767181396,6.09999990463257,13,10.75,2.97011041641235
"7","BE-FL","NVA",201,0,110,8,21916,501,7.46153831481934,6.57142877578735,6.2857141494751,4.76923084259033,5.7142858505249,3.5,8.2142858505249,7.92857122421265,8.2142858505249,1.78571426868439,4.35714292526245,7.692307472229,8.5714282989502,3.64285707473755,4.23076915740967,9,14,13.75,5.74924421310425
"8","BE-FL","CDV",202,0,109,4,21521,723,3,3.5,3.64285707473755,3.57142853736877,2.28571438789368,7.42857122421265,3.78571438789368,5.07142877578735,5.2142858505249,4.64285707473755,8,5,5.35714292526245,3.57142853736877,5.85714292526245,5.2857141494751,14,13.875,1.69717347621918
"9","BE-FL","OVLD",203,0,107,3,21421,1110,2.76923084259033,2.35714292526245,3,4.35714292526245,2.42857146263123,6.64285707473755,4.42857122421265,6.57142877578735,8.0714282989502,4.35714292526245,8.5,4.38461542129517,4.2857141494751,8.2142858505249,6.692307472229,5.42857122421265,14,13.8125,1.4224910736084
"10","BE-FL","SPa",204,0,103,5,21321,1029,4.76923084259033,3.35714292526245,3.78571438789368,4.7142858505249,4.35714292526245,6.35714292526245,5.5,2.85714292526245,2.64285707473755,6.14285707473755,8,3.46153855323792,3.85714292526245,7.92857122421265,6.14285707473755,5.07142877578735,14,13.875,3.02560019493103
"11","BE-FL","GROEN",205,0,105,7,21112,1594,3.8461537361145,2.64285707473755,3.07142853736877,4.7142858505249,4.92857122421265,6.64285707473755,5.64285707473755,2.07142853736877,2.5,7.57142877578735,8,1.69230771064758,2.5,9.0714282989502,8.35714244842529,4.85714292526245,14,13.875,2.44404363632202
"12","BE-FL","VB",206,0,112,1,21917,993,8.692307472229,8.5,8.0714282989502,7.92857122421265,8.85714244842529,1.42857146263123,9.2142858505249,9.2142858505249,5.38461542129517,0.142857149243355,2.57142853736877,9.692307472229,9.5,1.78571426868439,2.69230771064758,6.85714292526245,14,13.75,8.80227947235107
"13","BE-FL","PVDAPTB",207,0,119,6,NA,256,8.27272701263428,6.69999980926514,6.90909099578857,7.72727251052856,9,2.33333325386047,7.92307710647583,0.714285731315613,0.714285731315613,7.25,2.85714292526245,2.29999995231628,2.85714292526245,6.90000009536743,5.83333349227905,5.61538457870483,14,10.5625,7.86687135696411
"14","BE-WA","PS",301,0,102,5,21322,1378,5.22222232818604,3.375,4.75,4.625,4.66666650772095,5.5,6.33333349227905,2.44444441795349,2.33333325386047,6,7.55555534362793,2.22222232818604,2.66666674613953,8,5.44444465637207,6.66666650772095,9,8.75,3.73486042022705
"15","BE-WA","MR",302,0,106,3,21426,915,4.88888883590698,4.22222232818604,3.625,3.375,2.44444441795349,6.125,5.11111116409302,6.88888883590698,7.33333349227905,3.11111116409302,8.33333301544189,5,6.33333349227905,6.77777767181396,4.66666650772095,6.66666650772095,9,8.8125,2.24925184249878
"16","BE-WA","CDH",303,0,108,4,21521,1192,3.77777767181396,4.22222232818604,4.125,3.875,3.33333325386047,5.375,4.66666650772095,5,5.11111116409302,5.11111116409302,8.11111068725586,3.88888883590698,5,3.55555558204651,5,6.33333349227905,9,8.8125,2.55857229232788
"17","BE-WA","Ecolo",304,0,104,7,21111,161,4.44444465637207,2.88888883590698,4.625,5.875,5.22222232818604,7,5.22222232818604,2.88888883590698,3.11111116409302,7.88888883590698,8,1.22222220897675,1.55555558204651,9.22222232818604,8.33333301544189,3.55555558204651,9,8.8125,3.87178087234497
"18","BE-WA","FDF",305,0,111,8,21912,969,5.11111116409302,3.625,4.25,4.5,3,6.125,5.33333349227905,4.88888883590698,4.77777767181396,5.875,8.375,3.11111116409302,4.11111116409302,7.44444465637207,5.66666650772095,8,9,8.625,3.03546476364136
"19","BE-WA","PP",306,0,120,2,NA,438,9.11111068725586,7.875,7.125,7.85714292526245,6.66666650772095,2.5,9.55555534362793,9.25,8.125,0.444444447755814,2.57142853736877,7.88888883590698,9.55555534362793,2,1.75,8.88888931274414,9,8.3125,7.82153987884521
"20","BU","GERB",401,1,2010,2,80510,1541,3.5,5.66666650772095,4,4.83333349227905,2.83333325386047,6,5,6.83333349227905,7.5,4,9,3.5,5.33333349227905,5.5,3.59999990463257,8.5,6,5.9375,2.67736077308655
"21","BU","BSPKzB",402,1,2003,5,80220,1160,4,6,4.5,4.5,3.83333325386047,6.5,5.5,3.16666674613953,2.5,3.83333325386047,7.33333349227905,4.33333349227905,4.83333349227905,3.33333325386047,6.40000009536743,3.33333325386047,6,5.9375,3.25851964950562
"22","BU","NSFB",403,1,2014,2,NA,2211,6.83333349227905,6.16666650772095,8.16666698455811,6.66666650772095,7,3.33333325386047,8,7.83333349227905,3.66666674613953,2.16666674613953,3.5,8.66666698455811,8.5,1.16666662693024,2,7.16666650772095,6,5.9375,7.39059352874756
"23","BU","DPS",404,1,2004,3,80951,1286,3.5,1.83333337306976,4.16666650772095,4.33333349227905,2.83333325386047,5.5,3,4.66666650772095,4.16666650772095,5.83333349227905,8.66666698455811,2.33333325386047,4.16666650772095,3,2.25,5.66666650772095,6,5.875,2.31430745124817
"24","BU","Volya",405,1,NA,3,80640,2637,6,6,7.83333349227905,7.33333349227905,7.16666650772095,3,8,7,4.16666650772095,1.5,2.25,6.40000009536743,7.40000009536743,2.40000009536743,1.5,8.60000038146973,6,5.3125,7.17866039276123
"25","BU","RB",406,1,NA,2,NA,2363,3.83333325386047,4.16666650772095,2.5,3.33333325386047,2,6.83333349227905,2.66666674613953,7.33333349227905,8.33333301544189,4.83333349227905,9,2,4.5,5.83333349227905,6.19999980926514,3,6,5.9375,1.21638798713684
"26","BU","BBZ",407,1,2015,9,80630,2362,5.5,6.40000009536743,6.80000019073486,6.33333349227905,5.66666650772095,4.5,6.16666650772095,7.5,6.66666650772095,3,5.80000019073486,5.40000009536743,5.40000009536743,4,NA,7.16666650772095,6,5.1875,5.89154195785522
"27","BU","VMRO",408,1,2005,2,NA,2212,7,6.16666650772095,8.5,7.33333349227905,7.16666650772095,3.66666674613953,8.66666698455811,7.66666650772095,4.83333349227905,2,3,9.66666698455811,9,0.666666686534882,2.25,7,6,5.875,7.83832979202271
"28","BU","Ataka",409,1,2007,1,80710,535,8.16666698455811,6,8.83333301544189,7.83333349227905,7.59999990463257,3.5,9.16666698455811,7.83333349227905,2.5,2,1.66666662693024,9.5,9,0.16666667163372,1.39999997615814,8.83333301544189,6,5.875,8.56211280822754
"29","BU","ABV",410,1,2016,5,80330,2364,5.40000009536743,2.20000004768372,4.66666650772095,5.19999980926514,6,5.19999980926514,5.16666650772095,3.83333325386047,3,3,5.5,4.5,6.59999990463257,3.83333325386047,1.75,8.16666698455811,6,5.5,4.09474182128906
"30","CR","HDZ",501,1,3101,4,81711,276,4.625,5.625,5.5,2.875,2.375,5.75,7.42857122421265,7.375,5.125,2.625,7.875,8.5,7.5,2.5,3.625,7.375,8,7.9375,3.18979597091675
"31","CR","HSLS",502,1,3104,3,81410,1102,4.125,2.875,3.25,1.875,1.625,6.875,2.42857146263123,5.375,6,5.33333349227905,8.4285717010498,4,3.5,5.875,3.42857146263123,5,8,7.6875,1.13020360469818
"32","CR","SDP",503,1,3102,5,81223,1493,3.75,3.625,3.75,3.125,1.75,6.5,4.2857141494751,3.5,3.75,6.625,8.375,2.625,2.25,7.125,5.25,5,8,7.9375,1.73203206062317
"33","CR","HNS",504,1,3105,3,81712,1384,3.375,2.5,3.125,2.625,1.625,7.25,2.57142853736877,4.5,5.625,5.57142877578735,8.625,2.375,2.375,6.625,4.125,5.375,8,7.875,1.02422726154327
"34","CR","HSU",505,1,NA,9,81957,2134,2.71428561210632,2.71428561210632,3.14285707473755,3.66666674613953,2.85714292526245,5.14285707473755,3.57142853736877,4.125,3,NA,7.16666650772095,3,3.79999995231628,5,3.20000004768372,4.7142858505249,8,6.375,1.42929112911224
"35","CR","HSS",506,1,3103,11,81810,1465,3,3.75,4,2.875,2.375,4.875,4,5.625,4.5,4.16666650772095,6.875,5.25,5.125,3.375,3,5.375,8,7.75,1.75091707706451
"36","CR","P",507,1,NA,3,NA,NA,5.375,1.875,3.14285707473755,4,3.625,7.25,2,3.75,5.75,7,8.7142858505249,0.833333313465118,1.125,8.125,5.16666650772095,6.125,8,7.375,2.35175514221191
"37","CR","ZZ",508,1,NA,1,81960,2612,9.375,7.2857141494751,8,9.2857141494751,9.14285755157471,1.5,9.16666698455811,3,1.5,5,1.5,3.28571438789368,3.16666674613953,5.7142858505249,3.25,8,8,7.3125,9.27587890625
"38","CR","BM365",509,1,NA,5,81961,2628,4.625,6.25,6.875,5,4.5,2.375,7,5,3.75,5.59999990463257,6.5,4.7142858505249,5.42857122421265,3.625,1.83333337306976,9.5,8,7.375,5.05923557281494
"39","CR","IDS",510,1,3106,8,81953,1627,2.42857146263123,2.14285707473755,2.28571438789368,2,1.25,6,2.85714292526245,3,5.25,7,9.2857141494751,1,1.5,7.7142858505249,4,5.57142877578735,8,7.4375,0.0146834515035152
"40","CR","MOST",511,1,NA,2,81460,2615,7.625,7.5,7.5,8.125,7.625,2.625,7.57142877578735,6.625,4.75,4,5.625,6.25,5.625,2.75,3.625,7.25,8,7.875,7.88045978546143
"41","CR","HDSSB",512,1,3107,8,81952,2135,3.75,4.25,5.7142858505249,3,3.125,4.16666650772095,5.7142858505249,8.375,6.59999990463257,2.71428561210632,5.57142877578735,8.875,8.125,2,1.625,8.375,8,7.375,3.15725374221802
"42","CR","NHR",513,1,NA,1,NA,NA,6.625,5.75,7.375,5.625,5.625,3.28571438789368,7.57142877578735,9.5714282989502,7,2,3.42857146263123,9.625,8.125,1.75,1.39999997615814,9.625,8,7.375,6.26668310165405
"43","CR","GLAS",514,1,NA,3,NA,NA,3.28571438789368,2.42857146263123,2,2.14285707473755,1.28571426868439,7.66666650772095,2,2.625,4.625,6.375,9.4285717010498,1.14285719394684,0.875,8,5.40000009536743,5.85714292526245,8,7.125,0.160889357328415
"44","CY","DISY",601,0,4001,2,55711,1575,4.5,6.25,6.75,4.75,3.25,7.25,NA,7.25,8,5.25,9.5,6.25,4,4.25,6,6.5,4,3.9375,4.60496425628662
"45","CY","AKEL",602,0,4003,6,55321,572,6,5.75,5.75,6.5,8.25,5.75,NA,2,1.75,7,4,3,3.5,6.25,3.75,4,4,3.9375,6.01934146881104
"46","CY","DIKO",603,0,4004,2,55422,851,7,7.5,7.75,6.5,5.75,4.75,NA,7,6,3.75,7.5,7.5,5.75,3.5,4,7.5,4,3.9375,6.98811721801758
"47","CY","EDEK",604,0,4005,5,55322,945,6.75,7.25,6.75,6.75,7,4.5,NA,4,3.5,4.5,7.25,5.75,4.5,4.75,4,7,4,3.9375,6.69173383712769
"48","CY","SYPOL",605,0,NA,5,55340,2341,7,7.75,7.75,8.5,8.75,NA,NA,5.25,NA,NA,7,NA,4.5,4.5,4,9,4,3.6875,8.2248477935791
"49","CY","KA",606,0,NA,1,55610,2626,NA,8,NA,NA,NA,NA,NA,7.25,NA,NA,7.75,NA,5.75,3.25,3.25,9.5,4,3.3125,NA
"50","CY","KOP",607,0,4006,7,55110,1621,5.5,5.75,6,6.5,7.5,NA,NA,4.25,3.75,4.75,7.75,5,2.75,5.25,6.25,5.5,4,3.875,5.85148477554321
"51","CY","ELAM",608,0,NA,1,55720,1768,NA,9.5,9.75,NA,NA,NA,NA,10,NA,0.25,3.25,NA,9.75,0.5,NA,7,4,3.4375,NA
"52","CZ","CSSD",701,1,2101,5,82320,789,3.54545450210571,3.72727274894714,4.09090900421143,4.27272748947144,3.72727274894714,6.5,4.54545450210571,3.09090900421143,2.90909099578857,3.36363625526428,7.18181800842285,4.45454549789429,4.90909099578857,5.63636350631714,8.18181800842285,3,11,10.9375,2.63011050224304
"53","CZ","ANO",702,1,2111,9,82430,2263,7.09090900421143,6.90909099578857,7,5.36363649368286,8,2.09999990463257,8.81818199157715,5.125,6.19999980926514,2.63636374473572,6.27272748947144,4.59999990463257,5.90000009536743,6.18181800842285,2.27272725105286,9.90909099578857,11,10.5625,6.75134897232056
"54","CZ","KSCM",703,1,2103,6,82220,1173,6.09090900421143,5,6.81818199157715,5.45454549789429,7,4.80000019073486,5.72727251052856,0.818181812763214,1.18181812763214,2.45454549789429,2.54545450210571,6.09090900421143,8,3.18181824684143,5.90909099578857,4.36363649368286,11,10.9375,6.01307249069214
"55","CZ","TOP09",704,1,2109,2,82530,2,3.45454549789429,3.18181824684143,2.72727274894714,2.27272725105286,1.27272725105286,7.80000019073486,3.81818175315857,8.18181800842285,8,5.45454549789429,9.18181800842285,2,2.54545450210571,6,6.45454549789429,6.09090900421143,11,10.9375,0.707513868808746
"56","CZ","KDUCSL",705,1,2104,4,82523,1245,3.63636374473572,3.27272725105286,2.90909099578857,2.81818175315857,1.63636362552643,7.30000019073486,3.45454549789429,6,5.45454549789429,4.63636350631714,8.45454502105713,3.63636374473572,4,2.09090900421143,7,4.36363649368286,11,10.9375,1.09482061862946
"57","CZ","SPD",706,1,2115,1,82721,2654,8.54545497894287,8.19999980926514,7.90909099578857,9,9.6363639831543,0.600000023841858,9.90909099578857,9.5714282989502,4.5,0,0,9.3636360168457,9.54545497894287,1.75,1.36363637447357,10,11,10.3125,9.10993480682373
"58","CZ","STAN",707,1,2116,9,82610,2024,3.54545450210571,2.90909099578857,2.45454549789429,2,1.63636362552643,7.09999990463257,3.45454549789429,6.18181800842285,6.45454549789429,5.18181800842285,8.6363639831543,2.27272725105286,3.09090900421143,6.33333349227905,7.77777767181396,4.45454549789429,11,10.625,0.566987872123718
"59","CZ","Pirati",708,1,2114,9,82953,2261,5,3.33333325386047,3.72727274894714,5.5,5.72727251052856,4.90000009536743,5.45454549789429,4.33333349227905,4.40000009536743,5.80000019073486,7.30000019073486,1.36363637447357,0.909090936183929,9.09090900421143,9.27272701263428,4.36363649368286,11,10.4375,3.57535743713379
"60","CZ","SZ",709,1,2107,7,82110,196,5.45454549789429,3.75,3.79999995231628,5.5,4.45454549789429,5.66666650772095,4.81818199157715,3.36363625526428,3.45454549789429,7.63636350631714,8.45454502105713,0.909090936183929,0.818181812763214,9.27272701263428,8.6363639831543,3.40000009536743,11,10.5,3.48697280883789
"61","CZ","ODS",710,1,2102,2,82413,829,3.72727274894714,3.45454549789429,2.81818175315857,2.54545450210571,1.81818187236786,7.30000019073486,4.36363649368286,8.18181800842285,8.54545497894287,2.09090900421143,3.63636374473572,6,5.45454549789429,3.45454549789429,6.54545450210571,5.27272748947144,11,10.9375,1.05256164073944
"62","CZ","SPO",711,1,NA,5,NA,406,5.375,5,5,7,6.85714292526245,2,6,1.88888883590698,2.44444441795349,0.699999988079071,1.5,8,8.77777767181396,1.85714280605316,2.83333325386047,5,11,7.3125,5.18517065048218
"63","CZ","Svobodni",712,1,2113,3,NA,363,4.75,3.42857146263123,3.28571438789368,2.5,2.42857146263123,5.83333349227905,5.375,8.77777767181396,9.22222232818604,1.14285719394684,0.600000023841858,6.75,3.90000009536743,5,6.80000019073486,4.125,11,7.6875,1.71754431724548
"64","DK","SD",801,0,201,5,13320,1629,5.22222232818604,5,5.33333349227905,4.19999980926514,4.27272748947144,5.375,6.33333349227905,4,3.63636374473572,3.90909099578857,6.72727251052856,5.5,5.45454549789429,6.63636350631714,5.09090900421143,5.90909099578857,11,10.1875,3.99326682090759
"65","DK","O",802,0,215,1,13720,1418,7.59999990463257,7.66666650772095,7.69999980926514,7.80000019073486,7.81818199157715,2.75,8.33333301544189,5.81818199157715,4.18181800842285,1.72727274894714,2.18181824684143,8.80000019073486,8.90909099578857,3.27272725105286,1.90909087657928,8,11,10.3125,7.95580911636353
"66","DK","V",803,0,211,3,13420,1605,5.22222232818604,5,5,4.5,4.18181800842285,5.5,6.44444465637207,6.36363649368286,6.45454549789429,4,6.81818199157715,6,6.45454549789429,6.09090900421143,5,6.45454549789429,11,10.1875,3.86726593971252
"67","DK","RGA",804,0,213,6,13229,306,7.375,3.77777767181396,4.66666650772095,5,6.36363649368286,3.625,6.33333349227905,0.909090936183929,0.909090936183929,7.27272748947144,2.45454549789429,1.39999997615814,1.81818187236786,8.6363639831543,7.72727251052856,3.36363625526428,11,10.125,4.79775524139404
"68","DK","LA",805,0,218,3,13001,376,6.33333349227905,3,2.55555558204651,4.5,4.63636350631714,4.25,4.66666650772095,8.09090900421143,8.3636360168457,5,4.54545450210571,3.90000009536743,4.18181800842285,7.63636350631714,3.90909099578857,7.09090900421143,11,10.25,2.74501538276672
"69","DK","A",806,0,NA,7,NA,2567,6.44444465637207,2,3,3.66666674613953,4.59999990463257,3.5,7.22222232818604,1.90909087657928,2.36363625526428,8.18181800842285,6.11111116409302,1.10000002384186,1.63636362552643,9.18181800842285,7.27272748947144,6.45454549789429,11,9.75,2.70771384239197
"70","DK","B",807,0,202,3,13410,211,5.5,2.33333325386047,2.88888883590698,2.20000004768372,2.18181824684143,6.75,4.33333349227905,4.81818199157715,5.63636350631714,8.09090900421143,8.90909099578857,1.70000004768372,2.63636374473572,8.3636360168457,5.90909099578857,5.63636350631714,11,10.25,1.47382175922394
"71","DK","F",808,0,206,6,13230,1644,5.88888883590698,2.875,4,3.40000009536743,4.72727251052856,5.625,5.55555534362793,2.63636374473572,2.36363625526428,6,6.09090900421143,3.20000004768372,3.54545450210571,7.54545450210571,6.72727251052856,4.81818199157715,11,10.125,3.14349603652954
"72","DK","C",809,0,203,2,13620,590,5.59999990463257,4.55555534362793,5.44444465637207,4.19999980926514,3.18181824684143,4.875,5.33333349227905,7.27272748947144,6.90909099578857,4,6.72727251052856,6.5,7.54545450210571,4.90909099578857,4.72727251052856,6,11,10.25,3.87410068511963
"73","DK","D",810,0,NA,1,NA,NA,8,7.83333349227905,7.85714292526245,7.85714292526245,7.625,1.5,8.625,9.19999980926514,8.625,1.29999995231628,2.125,9.44444465637207,9.10000038146973,2.625,2.75,8.19999980926514,11,7.8125,8.13855743408203
"74","ES","Ref",901,1,2203,3,83430,113,5.90000009536743,4.30000019073486,4,2.29999995231628,0.899999976158142,7.40000009536743,5.69999980926514,7.30000019073486,8.19999980926514,5.19999980926514,9.19999980926514,4.69999980926514,3.70000004768372,7,5.69999980926514,6.30000019073486,10,10,2.10396718978882
"75","ES","K",902,1,2202,3,83411,1137,5.09999990463257,4.69999980926514,5.80000019073486,4.90000009536743,4.40000009536743,5.5,6.30000019073486,3.70000004768372,3.40000009536743,4.40000009536743,6.40000009536743,3.40000009536743,5.09999990463257,3.90000009536743,4.90000009536743,7.09999990463257,10,10,4.41086721420288
"76","ES","SDE",903,1,2204,5,83410,1448,4.80000019073486,3.79999995231628,3.90000009536743,4,2.59999990463257,7.59999990463257,4.19999980926514,3.40000009536743,3.20000004768372,6.30000019073486,8.89999961853027,2.20000004768372,2.29999995231628,7.80000019073486,7,6.30000019073486,10,10,2.54526257514954
"77","ES","IRL",904,1,2201,2,83611,1597,5.80000019073486,5.09999990463257,5.19999980926514,3.59999990463257,2.79999995231628,6.40000009536743,5.90000009536743,7.19999980926514,6.90000009536743,3,8,7.19999980926514,6.5,2.59999990463257,5.69999980926514,5.5,10,10,3.59124684333801
"78","ES","EVA",905,1,2208,2,83440,2409,3.79999995231628,4.09999990463257,4.90000009536743,7.69999980926514,7.59999990463257,3.44444441795349,5.90000009536743,6.09999990463257,6.19999980926514,4.22222232818604,7.22222232818604,6,4.19999980926514,5.55555534362793,7.30000019073486,3.88888883590698,10,9.6875,4.97782182693481
"79","ES","EKRE",906,1,2209,1,83720,417,9,6.69999980926514,8.39999961853027,8.89999961853027,8.10000038146973,2.11111116409302,9.19999980926514,8.80000019073486,5,0.400000005960464,2.29999995231628,9.69999980926514,8.80000019073486,1.29999995231628,3.29999995231628,9.10000038146973,10,9.9375,9.00698661804199
"80","ES","Green",907,1,2207,7,83110,219,4.80000019073486,2.55555558204651,3.55555558204651,6.30000019073486,7,3.57142853736877,7,3.22222232818604,3.40000009536743,6.59999990463257,6.85714292526245,1.66666662693024,2,7.69999980926514,7,4.25,10,8.6875,3.86227965354919
"81","FI","KESK",1001,0,1403,11,14810,94,3.45454549789429,5.09999990463257,5.19999980926514,4.30000019073486,3.36363625526428,6.18181800842285,4.72727251052856,6.40000009536743,6.27272748947144,5.09090900421143,5.54545450210571,5.45454549789429,6.36363649368286,2.45454549789429,5.27272748947144,6.27272748947144,11,10.75,3.26331472396851
"82","FI","PS",1002,0,1405,1,14820,200,7.45454549789429,8.10000038146973,8.18181800842285,8.5,7.90909099578857,2.18181824684143,8.27272701263428,8.30000019073486,6.36363649368286,0.363636374473572,1.36363637447357,9.3636360168457,8.72727298736572,0.818181812763214,4.90909099578857,7.72727251052856,11,10.8125,8.42884063720703
"83","FI","KOK",1003,0,1402,3,14620,1118,3.54545450210571,4.09999990463257,4.69999980926514,3.09999990463257,2.27272725105286,7,5,8.10000038146973,8.18181800842285,6.09090900421143,8.81818199157715,4.36363649368286,6.45454549789429,4.81818199157715,5.18181800842285,6.09090900421143,11,10.75,2.35697865486145
"84","FI","SDP",1004,0,1401,5,14320,395,4.72727251052856,4.5,4.80000019073486,4.90000009536743,4,6.45454549789429,4.54545450210571,3.59999990463257,3.27272725105286,6.09090900421143,7.72727251052856,3.63636374473572,4.63636350631714,5.36363649368286,5.63636350631714,5.63636350631714,11,10.75,3.64399456977844
"85","FI","VIHR",1005,0,1408,7,14110,1062,5,2.29999995231628,3.59999990463257,4.90000009536743,3.81818175315857,6.27272748947144,5.09090900421143,4,3.54545450210571,8.6363639831543,8.45454502105713,1,1.81818187236786,8.81818199157715,7.36363649368286,4.90909099578857,11,10.75,2.82413673400879
"86","FI","VAS",1006,0,1404,6,14223,1292,5.18181800842285,3.40000009536743,4.09999990463257,5.40000009536743,5.18181800842285,5.09090900421143,4.90909099578857,1.89999997615814,2,7.90909099578857,5.63636350631714,1.5,2.20000004768372,8.69999980926514,6.72727251052856,5.63636350631714,11,10.5625,3.68804550170898
"87","FI","KD",1007,0,1409,10,14520,1463,5.18181800842285,5,4.88888883590698,3.55555558204651,3.20000004768372,5.5,5.45454549789429,7.5,6.72727251052856,4.90909099578857,7.09999990463257,5.40000009536743,8.30000019073486,0.909090936183929,5.75,5.54545450210571,11,10.0625,3.31877303123474
"88","FI","SFPRKP",1008,0,1406,8,14901,585,3.45454549789429,3.09999990463257,4.19999980926514,3.5,2.27272725105286,5.90909099578857,4.54545450210571,7.40000009536743,7.27272748947144,7.54545450210571,8.6363639831543,1.79999995231628,4.40000009536743,8.10000038146973,5.75,5,11,10.375,2.07656955718994
"89","FI","SIN",1009,0,NA,2,NA,2645,5.09999990463257,7,7.27272748947144,7.80000019073486,7,3,6.27272748947144,6.90000009536743,5.81818199157715,2.45454549789429,2.45454549789429,8.18181800842285,7.90909099578857,1.27272725105286,5,6.80000019073486,11,10.5625,6.7906928062439
"90","FR","PS",1101,0,602,5,31320,1539,3,3.79999995231628,4.69999980926514,2.79999995231628,1.20000004768372,5.88888883590698,1.89999997615814,4.30000019073486,4,6,7.19999980926514,1.89999997615814,4,7.40000009536743,6.09999990463257,3.40000009536743,10,9.9375,1.85865807533264
"91","FR","EELV",1102,0,605,7,31110,873,4.19999980926514,4,4.80000019073486,3.29999995231628,3.59999990463257,6,4.09999990463257,3.59999990463257,2.90000009536743,8.30000019073486,8,0.400000005960464,1.70000004768372,9.5,7.90000009536743,1.89999997615814,10,9.9375,2.93826198577881
"92","FR","PCF",1103,0,601,6,31220,686,6.69999980926514,4.80000019073486,6.19999980926514,6.5,5.80000019073486,3.11111116409302,4.80000019073486,2.5,1.5,7.5,3.40000009536743,1.70000004768372,3.5,6.80000019073486,4.69999980926514,2.29999995231628,10,9.9375,5.8267502784729
"93","FR","Rad",1104,0,622,3,NA,401,2.28571438789368,4.125,4.14285707473755,2.125,1.75,5.5,1.57142853736877,4.22222232818604,3.85714292526245,6.33333349227905,7.25,1.25,2.55555558204651,7.375,4.5,1.5,10,7.5,1.32360672950745
"94","FR","MoDem",1105,0,613,3,31624,509,3.59999990463257,4.88888883590698,4.30000019073486,2,0.899999976158142,6,1.70000004768372,5.19999980926514,5.59999990463257,5.40000009536743,8.39999961853027,2.20000004768372,3.70000004768372,5.59999990463257,3.40000009536743,7.40000009536743,10,9.875,1.6095507144928
"95","FR","FN",1106,0,610,1,31720,270,9.60000038146973,6.59999990463257,8.19999980926514,8.80000019073486,8.30000019073486,0.222222223877907,8.89999961853027,8.39999961853027,3.40000009536743,0.200000002980232,0.300000011920929,9.80000019073486,9.39999961853027,2.29999995231628,2.40000009536743,9.5,10,9.9375,9.07024955749512
"96","FR","LaREM",1107,0,626,3,31425,2643,6.30000019073486,4,5.69999980926514,3.29999995231628,1.39999997615814,6.55555534362793,4,6.11111116409302,6.69999980926514,4.40000009536743,9,2.70000004768372,5.80000019073486,7,3.5,9,10,9.875,3.5167920589447
"97","FR","LR",1108,0,609,2,31626,658,6.80000019073486,5.30000019073486,5.90000009536743,3.70000004768372,3.40000009536743,5.33333349227905,5.90000009536743,7.5,6.69999980926514,1.89999997615814,5,7.19999980926514,8.10000038146973,2.40000009536743,4.80000019073486,7.59999990463257,10,9.9375,4.43510055541992
"98","FR","UDI",1109,0,NA,3,31430,2273,3.44444441795349,2.875,4.375,3,1.22222220897675,6.25,1.66666662693024,6.33333349227905,6.33333349227905,4.11111116409302,8,3.33333325386047,5.33333349227905,4.66666650772095,4.16666650772095,3.5,10,8.6875,1.78034067153931
"99","FR","LFI",1110,0,627,6,31240,2644,8.60000038146973,7.09999990463257,7.30000019073486,8.69999980926514,8.89999961853027,1.55555558204651,8.5,1.5,1.20000004768372,7.19999980926514,2.09999990463257,1.89999997615814,2.70000004768372,7.30000019073486,4.5,8.69999980926514,10,9.9375,8.44583034515381
"100","FR","DLF",1111,0,628,2,NA,2399,8.60000038146973,6.19999980926514,6.80000019073486,7.40000009536743,7.5,1.55555558204651,7.19999980926514,7.59999990463257,5.22222232818604,1.39999997615814,0.899999976158142,8.10000038146973,8.22222232818604,2,2.375,8.89999961853027,10,9.6875,7.42611122131348
"101","FR","NPA",1112,0,NA,6,NA,NA,8.60000038146973,6.55555534362793,6,8.66666698455811,9.30000019073486,1.44444441795349,7.19999980926514,1.70000004768372,0.899999976158142,9,2.5,1.10000002384186,2.22222232818604,8.30000019073486,4,3.20000004768372,10,9.5,7.75753021240234
"102","FR","LP",1113,0,NA,1,NA,NA,8.66666698455811,6.88888883590698,8.125,8.39999961853027,8.39999961853027,1.375,8.2857141494751,7.88888883590698,2.44444441795349,0.200000002980232,0.100000001490116,9.10000038146973,8.19999980926514,3.11111116409302,NA,9.30000019073486,10,8.8125,8.71235084533691
"103","GE","CDU",1201,0,301,4,NA,808,3.27777767181396,3.41176462173462,3.05882358551025,1.88888883590698,1.27777779102325,7.35294103622437,3.66666674613953,5.72222232818604,6.33333349227905,4.5,7.77777767181396,5.61111116409302,6.33333349227905,3.88888883590698,3.94444441795349,7.94444465637207,18,17.8125,0.761448621749878
"104","GE","SPD",1202,0,302,5,41320,558,3.66666674613953,2.82352948188782,3.11764717102051,2.88888883590698,3.05555558204651,7.47058820724487,4.22222232818604,4.11111116409302,3.55555558204651,5.88888883590698,7.94444465637207,3.77777767181396,4.66666650772095,6.33333349227905,6.11111116409302,5.61111116409302,18,17.8125,1.52229189872742
"105","GE","CSU",1203,0,308,4,NA,1180,5.5,5,4.70588254928589,3.88888883590698,2.55555558204651,5.52941179275513,6.33333349227905,7.11111116409302,5.66666650772095,2.44444441795349,5.61111116409302,7.33333349227905,8,2.44444441795349,3.33333325386047,7.83333349227905,18,17.8125,3.24721002578735
"106","GE","Linke",1204,0,306,6,41223,791,6.55555534362793,4.29411745071411,5.625,6.41176462173462,6.5,3.94117641448975,6.44444465637207,1.27777779102325,1.22222220897675,5.88235282897949,4.27777767181396,3.72222232818604,3.83333325386047,6.70588254928589,5.35294103622437,4.83333349227905,18,17.5,5.55934524536133
"107","GE","AfD",1205,0,310,1,41953,2253,9,8.76470565795898,8.88235282897949,8.23529434204102,8.83333301544189,1.88235294818878,8.88888931274414,8.94444465637207,6.61111116409302,0.444444447755814,0.944444417953491,9.66666698455811,9.22222232818604,1.27777779102325,4.29411745071411,6.66666650772095,18,17.6875,9.43745517730713
"108","GE","B90Grune",1206,0,304,7,41113,772,4.27777767181396,1.23529410362244,2.05882358551025,4,3.88888883590698,6.58823537826538,5.22222232818604,3.16666674613953,3.5,8.17647075653076,8.77777767181396,0.944444417953491,1.5,8.88888931274414,7.72222232818604,4.44444465637207,18,17.6875,1.45297014713287
"109","GE","FDP",1207,0,303,3,41420,543,3.44444441795349,1.4375,1.64705884456635,2.66666674613953,1,5.8125,4.05555534362793,6.27777767181396,8.16666698455811,4.35294103622437,6.22222232818604,3.55555558204651,3.05555558204651,7.44444465637207,4.11111116409302,8.61111068725586,18,17.5625,2.51340537715805e-07
"110","GR","SYRIZA",1301,0,403,6,34212,1441,7.53846168518066,6.23076915740967,7,8.15384578704834,8.307692527771,4.81818199157715,8.16666698455811,2.8461537361145,3.07692313194275,8.15384578704834,5.8461537361145,1.61538457870483,1.07692313194275,8.76923084259033,6.23076915740967,7.07692289352417,13,12.75,7.63402414321899
"111","GR","ND",1302,0,402,2,34511,47,5.692307472229,4,3.91666674613953,3.61538457870483,2.07692313194275,6.36363649368286,6.41666650772095,7.23076915740967,8.15384578704834,3.1538462638855,8.84615421295166,6.76923084259033,7.53846168518066,2.76923084259033,4.46153831481934,7,13,12.75,2.5944516658783
"112","GR","XA",1303,0,415,1,34720,2092,9.53846168518066,9.61538505554199,9.41666698455811,6.46153831481934,7.25,1.5,9.66666698455811,10,3.30769228935242,0,0.384615391492844,10,10,0,0.538461565971375,9.692307472229,13,12.625,9.12032318115234
"113","GR","PASOK",1304,0,401,5,34313,1338,4.91666650772095,4.58333349227905,3.72727274894714,4.91666650772095,2.91666674613953,6.90000009536743,5.72727251052856,4.91666650772095,5.33333349227905,6,8.91666698455811,3.58333325386047,4.25,6.75,4.66666650772095,6.41666650772095,13,11.75,2.8640832901001
"114","GR","KKE",1305,0,404,6,34210,614,7.1538462638855,6.92307710647583,7.83333349227905,6.61538457870483,7.76923084259033,3.72727274894714,5.58333349227905,0.615384638309479,0.230769231915474,6.46153831481934,0.384615391492844,1.92307686805725,3,4.307692527771,1.69230771064758,4.692307472229,13,12.6875,7.51697111129761
"115","GR","Potami",1306,0,413,5,34340,2346,4,3.58333325386047,3,4.08333349227905,3,6.80000019073486,3.81818175315857,5.5,6.58333349227905,6.5,9.41666698455811,2.08333325386047,3.08333325386047,8.5,6.33333349227905,6.66666650772095,13,11.75,1.9192328453064
"116","GR","ANEL",1307,0,412,1,34730,2091,8.38461494445801,8.61538505554199,8.08333301544189,7.76923084259033,7.8461537361145,3,8.66666698455811,8.307692527771,4.53846168518066,1.76923072338104,4.307692527771,8.38461494445801,7.92307710647583,1.30769228935242,2.30769228935242,8.92307662963867,13,12.625,8.4623498916626
"117","GR","EK",1308,0,450,5,34410,2165,6.25,6,6.80000019073486,6.59999990463257,6.36363649368286,4.11111116409302,5.80000019073486,5.307692527771,4.80000019073486,3.40000009536743,6.27272748947144,5.69999980926514,5.58333349227905,3,2.16666674613953,9.15384578704834,13,11.0625,6.29303073883057
"118","GR","LAE",1309,0,NA,6,34214,2596,8.23076915740967,7.61538457870483,8.27272701263428,8.83333301544189,8.83333301544189,2.63636374473572,8,1.30769228935242,0.916666686534882,7.83333349227905,1.38461542129517,2,1.69230771064758,7.90909099578857,5.16666650772095,5,13,12.1875,8.95044422149658
"119","GR","KA",1310,0,NA,5,NA,NA,4.53846168518066,4.25,3.66666674613953,4.58333349227905,2.75,5.45454549789429,4.83333349227905,4.92307710647583,5.307692527771,5.92307710647583,8.84615421295166,3.38461542129517,4,7.46153831481934,5.66666650772095,5.92307710647583,13,12.5,2.57155418395996
"120","HU","Fidesz",1401,1,2302,2,86421,437,9.5714282989502,8.84615421295166,9.15384578704834,7.38461542129517,6.57142877578735,2.30769228935242,9.692307472229,8.76923084259033,4,0.928571403026581,2.64285707473755,9.2857141494751,9,0.928571403026581,1.23076927661896,9.5714282989502,14,13.5625,9.011643409729
"121","HU","MSZP",1402,1,2301,5,86220,1591,3.78571438789368,3.92307686805725,3.75,4.5,3.14285707473755,5.38461542129517,5.1538462638855,3.42857146263123,4.92857122421265,4.42857122421265,8.5,2.42857146263123,3.5,5.92857122421265,6.25,3.71428561210632,14,13.4375,2.45085763931274
"122","HU","Jobbik",1403,1,2308,1,86710,600,7.57142877578735,7,7.1538462638855,7.1538462638855,7.42857122421265,3.38461542129517,8.23076915740967,8.38461494445801,3.78571438789368,1.14285719394684,3.21428561210632,9.0714282989502,8.2857141494751,1.57142853736877,4.72727251052856,6.7142858505249,14,13.4375,7.32630586624146
"123","HU","LMP",1404,1,2309,7,86110,403,4.7142858505249,3.46153855323792,4,4.91666650772095,5,5.92307710647583,5.1538462638855,4.35714292526245,4.35714292526245,5.2142858505249,7.5,3.23076915740967,2.71428561210632,7,7.07692289352417,4.2857141494751,14,13.5,3.33864092826843
"124","HU","DK",1405,1,2311,5,86221,1970,5.42857122421265,2.70000004768372,4.08333349227905,4.09090900421143,3.28571438789368,5.5,5.76923084259033,3.92857146263123,5.1538462638855,5.61538457870483,8.85714244842529,1.57142853736877,2.38461542129517,7.5,4.66666650772095,8.4285717010498,14,12.75,2.90718030929565
"125","HU","Egyutt",1406,1,2310,9,NA,2318,3.61538457870483,2.29999995231628,2.79999995231628,3,2.66666674613953,7,4.63636350631714,4.23076915740967,5.75,5.75,8.92307662963867,1.41666662693024,1.92307686805725,7.76923084259033,7.5,3.76923084259033,14,11.5625,1.22884905338287
"126","HU","Parbeszed",1407,1,2312,7,NA,2349,3.76923084259033,2.40000009536743,2.90909099578857,3.5,2.90909099578857,6.72727251052856,4.90000009536743,3.45454549789429,4.30000019073486,5.81818199157715,8.75,1,1.90909087657928,7.72727251052856,7.66666650772095,3.92307686805725,14,10.9375,1.52907419204712
"127","IR","FG",1501,0,702,4,53520,1393,3.09999990463257,3.33333325386047,4.11111116409302,3.40000009536743,2.09999990463257,7,4.40000009536743,6.5,6.59999990463257,5.40000009536743,8.19999980926514,3.70000004768372,6.59999990463257,5.80000019073486,5.90000009536743,7,10,9.875,1.88348233699799
"128","IR","FF",1502,0,701,2,53620,280,3.20000004768372,4.44444465637207,4.77777767181396,4.69999980926514,3.79999995231628,6.19999980926514,5,5.69999980926514,5.40000009536743,5.30000019073486,7.30000019073486,4.09999990463257,6.40000009536743,3.90000009536743,5.59999990463257,7.30000019073486,10,9.875,3.10923767089844
"129","IR","SF",1503,0,707,8,53951,2217,7.09999990463257,4.77777767181396,5.77777767181396,6.80000019073486,7.80000019073486,3.5,7.19999980926514,3.40000009536743,3,5.75,4.19999980926514,5.30000019073486,4.09999990463257,6.19999980926514,3.40000009536743,8.19999980926514,10,9.75,6.23309707641602
"130","IR","Lab",1504,0,703,5,53320,318,3.70000004768372,2.88888883590698,4,4.80000019073486,4.19999980926514,6.19999980926514,4.59999990463257,4.40000009536743,4.09999990463257,6.22222232818604,7.40000009536743,3.09999990463257,4,7.80000019073486,6.30000019073486,5.69999980926514,10,9.8125,2.79977989196777
"131","IR","IA1",1505,0,NA,9,53981,2622,4.7142858505249,4,5.80000019073486,6.59999990463257,7.33333349227905,3,6.66666650772095,6,5.7142858505249,3.59999990463257,5.40000009536743,5,7.33333349227905,4.16666650772095,5.5,4.125,10,5.9375,5.36657238006592
"132","IR","SP",1506,0,708,6,53230,1014,6.66666650772095,2.71428561210632,6.125,6.875,7.88888883590698,3.28571438789368,6.2857141494751,1.44444441795349,2,7.16666650772095,2.42857146263123,2.42857146263123,3.14285707473755,8.625,4,4.57142877578735,10,7.5,6.17462253570557
"133","IR","I4C",1507,0,NA,9,NA,2621,6.14285707473755,3.16666674613953,4.83333349227905,7.5,8,3,7.57142877578735,4.14285707473755,3.42857146263123,6,3.79999995231628,4.40000009536743,4.57142877578735,6.875,5.5,2.20000004768372,10,6.3125,5.54185914993286
"134","IR","SD",1508,0,NA,5,53420,2619,4.30000019073486,3,4.375,5.875,5.66666650772095,5.5,5.25,3.29999995231628,3.40000009536743,6.7142858505249,6.77777767181396,2.25,3.5,8.33333301544189,6.66666650772095,5.5,10,8.3125,3.80297684669495
"135","IR","GP",1509,0,705,7,53110,1573,4.80000019073486,2.66666674613953,4,6.19999980926514,5,6.69999980926514,4.59999990463257,3.40000009536743,3.5,7,7.80000019073486,2.11111116409302,3,8.30000019073486,8,4.19999980926514,10,9.625,3.63902592658997
"136","IR","SPBP",1510,0,709,6,53231,1804,7.19999980926514,2.875,5.125,7.75,8.11111068725586,3,7.25,1.5,1.70000004768372,7.33333349227905,2.77777767181396,2.55555558204651,2.66666674613953,8.66666698455811,5.66666650772095,5,10,8.4375,6.06189203262329
"137","IT","PD",1601,0,837,5,32440,382,3.9375,3.5,3.9375,3.1875,2.6875,7.2857141494751,5.9375,4.375,5.5,5.5625,8.9375,2.1875,3.5,7.1875,7,6.75,16,15.875,2.10670518875122
"138","IT","M5S",1602,0,845,9,32956,2155,9.125,8.125,8.4375,9,9.1875,2.64285707473755,8.625,5.63636350631714,4.3125,3.0625,3.5625,6.19999980926514,5.25,5.875,3.625,7.625,16,15.5,9.45520496368408
"139","IT","FI",1603,0,815,2,32610,596,7.125,5.4375,6.125,5.1875,5.625,4.7857141494751,8.25,7.3125,7.625,2.875,5,6.25,6.5,4.6875,1.1875,9.375,16,15.875,5.5639181137085
"140","IT","LN",1604,0,811,8,32720,1436,8.5625,7.9375,8.0625,7.75,8.5625,2.57142853736877,9.625,8.875,6.6875,1.125,1.9375,9.1875,8.9375,2.1875,3.375,8.75,16,15.875,8.5998363494873
"141","IT","FdlCN",1605,0,844,1,32630,2154,7.25,7.6875,7.5625,6.875,7.375,2.92307686805725,8.5625,9.1875,5.375,1.25,2.125,9.3125,9,1.875,2.91666674613953,7.3125,16,15.5625,7.43679332733154
"142","IT","MDP",1606,0,851,5,NA,NA,4.40000009536743,3.09090900421143,3.58333325386047,4,3.5,5.7142858505249,4.5,2.86666655540466,2.71428561210632,6.42857122421265,6.66666650772095,1.85714280605316,2.46153855323792,7.14285707473755,4.30000019073486,3.46153855323792,16,11.8125,2.40361714363098
"143","IT","SI",1607,0,850,5,NA,465,5.09090900421143,3,3.8461537361145,4.90909099578857,5,4.625,4.81818199157715,1.875,2,6.80000019073486,4.76923084259033,1.39999997615814,1.53333330154419,7.66666650772095,5.30000019073486,2.78571438789368,16,12.8125,3.31539821624756
"144","LI","LVLS",1701,1,2507,11,88820,191,6.83333349227905,7.33333349227905,7,6.66666650772095,7.66666650772095,4.66666650772095,7.16666650772095,5.16666650772095,4.5,3.59999990463257,5.59999990463257,6.16666650772095,7.5,1.5,3.59999990463257,8.66666698455811,6,5.8125,6.98971176147461
"145","LI","TSLKD",1702,1,2506,2,88621,1045,5.5,3.66666674613953,4,3.33333325386047,1.83333337306976,6.83333349227905,5.83333349227905,7.83333349227905,7.5,4.16666650772095,8.83333301544189,6.33333349227905,6.5,3,7.83333349227905,7.16666650772095,6,6,2.4293909072876
"146","LI","LSDP",1703,1,2501,5,88320,1277,4,3.33333325386047,3.83333325386047,4,3.16666674613953,7,4.33333349227905,3.66666674613953,3.33333325386047,4.80000019073486,8.83333301544189,3,3.16666674613953,6.5,6.66666650772095,6.5,6,5.875,2.37801456451416
"147","LI","LRLS",1704,1,2518,3,88450,482,4.33333349227905,2.33333325386047,2.66666674613953,3,1.66666662693024,6.16666650772095,4.5,7.5,9,6,8.16666698455811,3.33333325386047,2.5,7.66666650772095,6.19999980926514,4.83333349227905,6,5.9375,1.12751376628876
"148","LI","LLRA",1705,1,2511,8,88951,28,6.5,4.66666650772095,3.33333325386047,5.16666650772095,6.5,3.16666674613953,7.83333349227905,5.19999980926514,3.33333325386047,2.75,6.16666650772095,4,7.40000009536743,0.5,2.59999990463257,7.83333349227905,6,5.5625,3.96513438224792
"149","LI","TT",1706,1,2515,2,88460,1421,6.83333349227905,7.16666650772095,7,8,6.5,3.66666674613953,8.16666698455811,6.66666650772095,5.33333349227905,1.66666662693024,4,7.33333349227905,8.33333301544189,1.16666662693024,2.79999995231628,7.66666650772095,6,5.9375,7.06824636459351
"150","LI","DP",1707,1,2516,3,88440,581,4.59999990463257,5.59999990463257,4.66666650772095,5.33333349227905,5.66666650772095,4.19999980926514,5.80000019073486,4.66666650772095,4.59999990463257,1.75,5.80000019073486,5.59999990463257,5.80000019073486,4,2.79999995231628,7.80000019073486,6,5.1875,4.12111854553223
"151","LI","LCP",1708,1,NA,9,NA,2635,8.5,8.75,8.75,8.5,9,NA,8.75,5.75,NA,NA,NA,NA,NA,NA,NA,NA,6,3.3125,9.3340368270874
"152","MA","PL",1801,0,3701,5,54320,1003,4.5,NA,3,7,5,NA,8,4.75,5,5.25,7,4,3.75,8.75,NA,8.5,4,3.8125,NA
"153","MA","PN",1802,0,3702,2,54620,984,7.5,NA,4.5,5.75,3.75,NA,8,7.25,NA,4.25,7.75,6.5,4.75,2.75,NA,6.25,4,3.75,NA
"154","NL","VVD",1901,0,1003,3,22420,1409,4.38461542129517,4.53846168518066,4.5,3.07692313194275,1.53846156597137,5.58333349227905,7.08333349227905,7.91666650772095,8.76923084259033,2.8461537361145,4.92307710647583,7.08333349227905,7.307692527771,7.1538462638855,5.81818199157715,6.46153831481934,13,12.5625,2.33983850479126
"155","NL","PVV",1902,0,1017,1,22722,1501,9.38461494445801,9.07692337036133,8.83333301544189,9.15384578704834,9.76923084259033,0.75,9.16666698455811,8.25,5.23076915740967,0.15384615957737,0.15384615957737,9.91666698455811,9.07692337036133,6.5,0.15384615957737,9.61538505554199,13,12.625,10
"156","NL","CDA",1903,0,1001,4,22521,235,5.307692527771,5.1538462638855,4.75,2.38461542129517,1.46153843402863,6.41666650772095,6.5,7.08333349227905,6.92307710647583,3.1538462638855,5.53846168518066,6.75,6.92307710647583,3.92307686805725,5.72727251052856,5,13,12.5625,2.58112525939941
"157","NL","D66",1904,0,1004,3,22330,345,3.33333325386047,1.30769228935242,1.75,3.61538457870483,1.53846156597137,7.58333349227905,5.25,5.58333349227905,6.61538457870483,6.61538457870483,9.07692337036133,1.5,3.07692313194275,9.23076915740967,7.83333349227905,5.692307472229,13,12.5625,0.392113834619522
"158","NL","GL",1905,0,1005,7,22110,756,4.07692289352417,0.846153855323792,1.83333337306976,4.23076915740967,2.8461537361145,6.83333349227905,6.16666650772095,2.08333325386047,2.1538462638855,7.8461537361145,8.23076915740967,0.833333313465118,1.53846156597137,9.53846168518066,8.18181800842285,6.692307472229,13,12.5625,1.0649505853653
"159","NL","SP",1906,0,1014,6,22220,357,7.1538462638855,5.76923084259033,6,7.46153831481934,7.46153831481934,3.27272725105286,6.91666650772095,1.33333337306976,0.846153855323792,4.53846168518066,3,4.5,4.1538462638855,7.18181800842285,4.08333349227905,6.38461542129517,13,12.4375,6.55537986755371
"160","NL","PvdA",1907,0,1002,5,22320,742,3.61538457870483,2.53846144676208,2.66666674613953,4.1538462638855,2.1538462638855,7.08333349227905,4.66666650772095,3.91666674613953,3.38461542129517,5.61538457870483,6.38461542129517,2.72727274894714,4.07692289352417,8.08333301544189,7.09090900421143,4.8461537361145,13,12.4375,1.36730480194092
"161","NL","CU",1908,0,1016,10,22526,1206,5.58333349227905,2.70000004768372,2.18181824684143,1.81818187236786,1.46153843402863,6.59999990463257,3.58333325386047,4.83333349227905,4.53846168518066,5.41666650772095,3.88888883590698,4.08333349227905,5,2.46153855323792,7.19999980926514,3.69230771064758,13,11.0625,0.867967247962952
"162","NL","PvdD",1909,0,1018,7,22951,990,6.692307472229,1.5,2.11111116409302,5.875,7.11111116409302,3.66666674613953,7.33333349227905,2.54545450210571,3,6.375,3.14285707473755,2.14285707473755,3,7.88888883590698,5.5,5.66666650772095,13,9.25,3.39908981323242
"163","NL","50Plus",1910,0,1020,9,22953,2109,6.44444465637207,4.40000009536743,4.90000009536743,5.63636350631714,6.69999980926514,1.89999997615814,7.75,5.08333349227905,4.45454549789429,3.75,3.79999995231628,5.83333349227905,NA,5.16666650772095,4.80000019073486,6.1538462638855,13,8.5625,4.9715256690979
"164","NL","SGP",1911,0,1006,10,22952,1251,7.63636350631714,3.44444441795349,2.11111116409302,0.888888895511627,1.33333337306976,7.625,2.91666674613953,8.25,7.5,2.16666674613953,2.22222232818604,8.09090900421143,7.92307710647583,0.0769230797886848,4.14285707473755,2.92307686805725,13,10.75,1.17617356777191
"165","NL","DENK",1912,0,1050,9,22321,2641,7.692307472229,2.18181824684143,1.88888883590698,4.7142858505249,7.30000019073486,2.42857146263123,8.08333301544189,4.45454549789429,3.70000004768372,8.60000038146973,NA,0.600000023841858,3.5,4.85714292526245,NA,5.07692289352417,13,8.75,3.33877491950989
"166","NL","FvD",1913,0,1051,1,22730,2642,9.07692337036133,7.53846168518066,7.75,9.23076915740967,8.46153831481934,2.45454549789429,8.91666698455811,8.72727298736572,8.25,0.461538463830948,0.384615391492844,9.66666698455811,8.18181800842285,5.5,2.25,9,13,12.125,8.90689659118652
"167","NO","Ap",2001,0,3501,5,12320,104,3.75,4.75,NA,3.25,2,5.75,4,4,4.25,3.75,7.75,3.5,NA,6.5,NA,NA,4,3.75,NA
"168","NO","H",2002,0,3503,2,12620,1435,2.25,3,NA,2.75,1,6.5,3.75,7.5,7.5,3.75,8,3.75,NA,6,NA,NA,4,3.75,NA
"169","NO","FrP",2003,0,3502,1,12951,351,7,5.75,NA,8.5,8.75,2.25,8.75,8.5,8.25,1,5,8.25,NA,3.75,NA,NA,4,3.75,NA
"170","NO","Sp",2004,0,3505,11,12810,702,5.5,3.75,NA,7.75,8.25,3,7.5,4.5,4.25,3.25,0.75,6.25,NA,4.25,NA,NA,4,3.75,NA
"171","NO","KrF",2005,0,3506,4,12520,1538,4.25,4,NA,5.5,3,4.75,5.75,5,5,6.25,4.5,3.75,NA,2.25,NA,NA,4,3.75,NA
"172","NO","V",2006,0,3507,3,12420,647,2.25,1.25,NA,4.75,2.25,5.25,4.75,6.5,7.25,6.25,5.75,2.25,NA,8.25,NA,NA,4,3.75,NA
"173","NO","SV",2007,0,3504,6,12221,81,6.5,4.25,NA,5.25,4.25,4.5,6.75,2.25,2.5,7,3,1.5,NA,8.5,NA,NA,4,3.75,NA
"174","NO","MDG",2008,0,3508,7,12110,2254,6,2.5,NA,4.75,2.75,5,7,3.5,3.75,7,4.75,2.25,NA,8,NA,NA,4,3.75,NA
"175","NO","R",2009,0,NA,6,NA,1638,7.5,4.75,NA,7,8.5,2,7.25,1,0.75,8.5,1.25,1.5,NA,8.25,NA,NA,4,3.75,NA
"176","PL","PiS",2101,1,2605,1,92436,528,9.19999980926514,7.09999990463257,9,8.19999980926514,7.90000009536743,2.20000004768372,9.69999980926514,8.80000019073486,2.29999995231628,0.699999988079071,3,9.10000038146973,9.19999980926514,0.800000011920929,1,9.89999961853027,10,9.875,9.19694519042969
"177","PL","PO",2102,1,2603,4,92435,512,4.40000009536743,2.90000009536743,3.25,4.19999980926514,2.40000009536743,6.69999980926514,5.80000019073486,6.40000009536743,7.09999990463257,5.30000019073486,8.5,2.70000004768372,4.30000019073486,5.5,4.80000019073486,6.59999990463257,10,9.875,2.00601840019226
"178","PL","K15",2103,1,2617,1,NA,2600,8.44444465637207,7.66666650772095,8.85714244842529,8.66666698455811,9.44444465637207,1.11111116409302,8.69999980926514,8.30000019073486,5.44444465637207,1.10000002384186,2.29999995231628,8.5,6.33333349227905,3.11111116409302,4.19999980926514,8.60000038146973,10,9.3125,9.43288803100586
"179","PL","N",2104,1,2618,3,NA,2601,3.29999995231628,2.79999995231628,2.5,2.79999995231628,2.59999990463257,6.59999990463257,4.30000019073486,5.69999980926514,8.10000038146973,6,9.19999980926514,1.39999997615814,2.40000009536743,7.40000009536743,6.80000019073486,5.40000009536743,10,9.875,0.948544204235077
"180","PL","PSL",2105,1,2606,11,92811,664,3.20000004768372,4.19999980926514,4.625,5.59999990463257,4.90000009536743,5.66666650772095,4.69999980926514,5.80000019073486,3.59999990463257,3.09999990463257,7,5.40000009536743,5.09999990463257,2.29999995231628,6.30000019073486,4.40000009536743,10,9.8125,3.49397683143616
"181","PL","razem",2106,1,2615,2,NA,2331,6.19999980926514,4.55555534362793,4.7142858505249,6.88888883590698,7.19999980926514,4.44444465637207,6.69999980926514,0.699999988079071,1.39999997615814,8.10000038146973,8,0.600000023841858,1.20000004768372,9.5,7.80000019073486,3.09999990463257,10,9.5,5.26285219192505
"182","PL","SLD",2107,1,2601,5,92210,629,3.90000009536743,4.11111116409302,4.25,4.80000019073486,3.59999990463257,6.44444465637207,4.19999980926514,3.20000004768372,4.30000019073486,5,8.69999980926514,2.59999990463257,3,7.30000019073486,6.09999990463257,4.30000019073486,10,9.75,2.96055889129639
"183","PL","Wolnosc",2108,1,2619,2,NA,2602,8.2857141494751,4.16666650772095,4.40000009536743,2.42857146263123,6.14285707473755,2.16666674613953,7.42857122421265,9.625,9.7142858505249,0.428571432828903,0.28571429848671,9.7142858505249,7,0.714285731315613,1.16666662693024,9.7142858505249,10,6.75,4.19294023513794
"184","PT","PSD",2201,0,1206,3,35313,1273,4.40000009536743,4.80000019073486,4,4.5,3.59999990463257,4.40000009536743,5.80000019073486,6.59999990463257,6.40000009536743,4.40000009536743,8.80000019073486,3.40000009536743,6.59999990463257,5.80000019073486,6.59999990463257,5.40000009536743,5,4.9375,2.93591117858887
"185","PT","PS",2202,0,1205,5,35311,725,4.40000009536743,4.80000019073486,5,5,5,5.19999980926514,5.40000009536743,4.80000019073486,4.59999990463257,5.80000019073486,8.80000019073486,3.20000004768372,5.19999980926514,6.80000019073486,5.19999980926514,5.59999990463257,5,4.9375,3.94438624382019
"186","PT","BE",2203,0,1208,6,35211,557,8.19999980926514,6.19999980926514,7.80000019073486,8.5,7.40000009536743,5.19999980926514,5.40000009536743,2,1.20000004768372,7.19999980926514,4.19999980926514,1.79999995231628,2.20000004768372,8.39999961853027,5,6.40000009536743,5,4.9375,8.14548587799072
"187","PT","CDSPP",2204,0,1202,2,35520,251,4,5,4.40000009536743,3.75,2.79999995231628,4.59999990463257,7.40000009536743,8,7.19999980926514,3.59999990463257,6.40000009536743,5,7.80000019073486,3,6,7.80000019073486,5,4.9375,2.68368029594421
"188","PT","CDU",2205,0,1201,6,35229,1295,8.60000038146973,6.80000019073486,8.19999980926514,8.75,7.80000019073486,6,6.19999980926514,1.39999997615814,0.800000011920929,6.59999990463257,2,2.79999995231628,2.79999995231628,6.19999980926514,2.40000009536743,6.19999980926514,5,4.9375,8.6860818862915
"189","PT","PAN",2206,0,1250,7,35120,1781,NA,NA,NA,NA,NA,NA,NA,NA,NA,NA,NA,NA,NA,NA,NA,NA,5,2.5625,NA
"190","RO","PSD",2301,1,2701,5,93320,1120,6.64285707473755,7.75,7.7142858505249,7.5,6.7142858505249,4.07692289352417,8.23076915740967,4.2142858505249,2.78571438789368,3.71428561210632,5.85714292526245,6.2857141494751,6.53846168518066,1.42857146263123,2.5,9.14285755157471,14,13.5625,7.3776912689209
"191","RO","PNL",2302,1,2705,3,93430,1015,5.7142858505249,5.41666650772095,6,4.58333349227905,4,5.46153831481934,6.23076915740967,7,7.2142858505249,4.42857122421265,8.2142858505249,4.64285707473755,4.92307710647583,4.7857141494751,4.2857141494751,5.85714292526245,14,13.5625,4.57546901702881
"192","RO","USR",2303,1,NA,3,93440,2646,7.42857122421265,4.58333349227905,5.7857141494751,4.41666650772095,3.92307686805725,5.307692527771,7,6.46153831481934,7,5.57142877578735,9.2857141494751,2.92857146263123,5.07692289352417,7.42857122421265,6.2142858505249,3.42857146263123,14,13.3125,4.79408836364746
"193","RO","UDMR",2304,1,2706,8,93951,948,4.91666650772095,4,5.07142877578735,3.45454549789429,3.36363625526428,5.54545450210571,5.81818199157715,6.307692527771,6.08333349227905,5.08333349227905,8.25,4.92307710647583,3.83333325386047,4.8461537361145,4.58333349227905,5.8461537361145,14,12.0625,3.27381467819214
"194","RO","ALDE",2305,1,2712,3,93420,2647,6,6.5,6.42857122421265,5.75,5.2857141494751,5.07692289352417,6.08333349227905,6.14285707473755,5.57142877578735,4.07142877578735,6.14285707473755,5.57142877578735,5.61538457870483,3.85714292526245,3.28571438789368,8.35714244842529,14,13.5,5.58752489089966
"195","RO","PMP",2306,1,2711,4,93540,2395,7.38461542129517,7,7.2857141494751,6.41666650772095,6.2142858505249,3.92307686805725,7.8461537361145,6.7857141494751,6.2857141494751,3.57142853736877,6.92857122421265,6.64285707473755,7,2.71428561210632,3.07142853736877,8.5714282989502,14,13.4375,6.87584257125854
"196","SK","SmerSD",2401,1,2803,5,96423,220,4.75,6,5.5,3.91666674613953,4.27272748947144,5.40000009536743,8.08333301544189,3.83333325386047,2.83333325386047,1.41666662693024,7,6.5,6.41666650772095,2.83333325386047,3.20000004768372,9,12,11.625,3.96477127075195
"197","SK","SaS",2402,1,2812,3,96440,1460,5.75,4.90000009536743,4.09090900421143,3.09090900421143,5,3.5,6.81818199157715,8.25,9.09090900421143,1.54545450210571,3.91666674613953,5.59999990463257,3.91666674613953,6.81818199157715,3.40000009536743,7.91666650772095,12,11.0625,3.30523872375488
"198","SK","OlaNO",2403,1,2814,2,96620,1759,8.16666698455811,6.81818199157715,6.33333349227905,7.25,7.27272748947144,2.20000004768372,8.08333301544189,7.36363649368286,6.88888883590698,2.5,4.90000009536743,5.27272748947144,5,3.36363625526428,3,7.75,12,11,7.00750398635864
"199","SK","SNS",2404,1,2809,1,96710,1072,5,5.54545450210571,5.58333349227905,4.91666650772095,4.81818199157715,3.59999990463257,6.75,6.75,5.33333349227905,1.33333337306976,4.16666650772095,8,7.41666650772095,1.66666662693024,4,7,12,11.625,4.43302154541016
"200","SK","LSNS",2405,1,2817,1,96720,586,9,7.09090900421143,8.5,8.33333301544189,9.54545497894287,0.5,9.66666698455811,9.08333301544189,4.09999990463257,0.25,0.25,9.5,8.91666698455811,0.25,1.25,9.08333301544189,12,11.375,9.27151489257812
"201","SK","SME",2406,1,2818,2,96725,2623,6.90909099578857,6.72727251052856,7.45454549789429,8,8.81818199157715,1.10000002384186,9,7.80000019073486,6.125,0.833333313465118,2.36363625526428,8.3636360168457,7.45454549789429,1.81818187236786,2.22222232818604,9,12,10.6875,7.83095073699951
"202","SK","MOST",2407,1,2813,8,96955,1620,3.08333325386047,2.72727274894714,1.83333337306976,2.25,2.45454549789429,7.69999980926514,3.41666674613953,5.90909099578857,6.16666650772095,5.58333349227905,9,2.08333325386047,3.33333325386047,6.33333349227905,6.11111116409302,6.91666650772095,12,11.5,0.331313014030457
"203","SK","Spolu",2408,1,NA,2,NA,NA,3.66666674613953,2.90000009536743,1.75,1.57142853736877,2.5,7.875,1.88888883590698,6,6.80000019073486,5,9.33333301544189,1.66666662693024,2.22222232818604,8.25,6.83333349227905,5.16666650772095,12,8.25,0.287948757410049
"204","SK","PS",2409,1,NA,3,NA,NA,3.09999990463257,2.59999990463257,1.44444441795349,1.75,2.59999990463257,8.44444465637207,1.5,4.09999990463257,4.66666650772095,6.57142877578735,9.60000038146973,1.29999995231628,2,9.22222232818604,8,4.14285707473755,12,9,0.00759889511391521
"205","SK","KDH",2410,1,2805,4,96521,1432,5.5,3.72727274894714,4,3.5,3.54545450210571,6,4.25,7.41666650772095,7.33333349227905,2.75,6.5,5.41666650772095,5.91666650772095,1.25,6.09999990463257,5,12,11.5625,2.86728668212891
"206","SI","SMC",2501,1,2911,3,NA,2333,5.625,5,5.75,5.125,4.25,7.25,5,5.25,5.5,3.875,8.375,4.875,5,6.125,4.5,8.625,8,8,4.57841825485229
"207","SI","SDS",2502,1,2902,2,97330,179,8.875,7.625,9,6.75,8.125,3.875,9.25,9,8.375,1,7.375,9.375,8.875,2.125,1.875,9.5,8,8,8.81465435028076
"208","SI","DeSUS",2503,1,2906,9,97951,1587,6.375,6.2857141494751,6.625,5.75,5.5,3.875,7.625,4.375,3.375,3.75,7.5,5.625,5.5,4.375,3.5,8.75,8,7.9375,5.83038377761841
"209","SI","SD",2504,1,2903,5,97322,706,5.875,6.14285707473755,6,5.875,4.75,5.125,6.625,4,3.625,4.75,8.125,4.25,3.75,6.375,5.125,6.625,8,7.9375,5.19647169113159
"210","SI","Levica",2505,1,2912,5,NA,2670,7.14285707473755,5,6.5,8.7142858505249,8.875,3.375,7.875,2.25,0.875,7.875,4.85714292526245,2.125,1.75,9.125,6.14285707473755,6.5,8,7.6875,7.42225933074951
"211","SI","NSI",2506,1,2905,4,97522,1047,6.375,6.5,6.875,6.25,5.875,5,7.375,7.75,7.75,1.5,7.7142858505249,8.625,7.5,1.75,4.625,7.25,8,7.9375,6.20659065246582
"212","SI","PAB",2507,1,2913,9,NA,2337,5.16666650772095,5.19999980926514,4.83333349227905,5,5.2857141494751,5.85714292526245,4.85714292526245,4.85714292526245,5.25,4.2857141494751,8.14285755157471,4.66666650772095,4,7,3.20000004768372,8.85714244842529,8,6.375,4.16013860702515
"213","SI","LMS",2508,1,NA,5,NA,2668,5.83333349227905,6.59999990463257,7,6.16666650772095,7.83333349227905,2.33333325386047,7.57142877578735,4.40000009536743,3.79999995231628,3.59999990463257,5.80000019073486,6.42857122421265,5.80000019073486,4.59999990463257,2.20000004768372,9.625,8,5.75,6.55778312683105
"214","SP","PP",2601,0,502,2,33610,645,5.40000009536743,5.18181800842285,5.72727251052856,1.45454549789429,0.727272748947144,6.54545450210571,6.81818199157715,7.63636350631714,7.54545450210571,3.45454549789429,8.18181800842285,6.30000019073486,7.54545450210571,1.90909087657928,1.36363637447357,7.09090900421143,11,10.875,2.73776793479919
"215","SP","PSOE",2602,0,501,5,33320,902,4.40000009536743,2.81818175315857,4.63636350631714,3.27272725105286,2.54545450210571,6.09090900421143,5.36363649368286,4.27272748947144,4.54545450210571,5.81818199157715,8.90909099578857,2.90000009536743,3.72727274894714,7.36363649368286,5,6.18181800842285,11,10.875,2.55626058578491
"216","SP","Podemos",2603,0,525,6,33210,2376,7.09999990463257,5.09090900421143,7.27272748947144,8.45454502105713,9.09090900421143,4.54545450210571,8.18181800842285,1.54545450210571,1.54545450210571,7.45454549789429,5.27272748947144,1.39999997615814,1,9,7,8.27272701263428,11,10.875,7.82808446884155
"217","SP","Cs",2604,0,526,3,33420,2375,4.90000009536743,4.45454549789429,5.45454549789429,3.27272725105286,2.45454549789429,5.18181800842285,5.72727251052856,6.27272748947144,7.81818199157715,4.09999990463257,8.72727298736572,5.44444465637207,6,5.72727251052856,3.63636374473572,8.81818199157715,11,10.75,3.26609373092651
"218","SP","IU",2605,0,504,6,33220,118,6.59999990463257,3.54545450210571,6,7.09090900421143,8,4.72727251052856,6.72727251052856,1.63636362552643,1.54545450210571,7.63636350631714,4.36363649368286,1.39999997615814,1.27272725105286,8.81818199157715,6.18181800842285,4.27272748947144,11,10.875,6.23952579498291
"219","SP","EAJPNV",2606,0,506,8,33902,1361,5.44444465637207,4.75,6,3.77777767181396,1.79999995231628,6,6.5,6.18181800842285,5.72727251052856,4.22222232818604,8.09090900421143,6.625,5.19999980926514,4.30000019073486,3.71428561210632,5.09999990463257,11,9.4375,3.73096871376038
"220","SP","ERC",2607,0,511,8,33905,757,7.44444465637207,6.77777767181396,8.22222232818604,7,5.55555534362793,4,8.80000019073486,3,3.18181824684143,5.40000009536743,6.18181800842285,6.33333349227905,1.90909087657928,8.10000038146973,4.2857141494751,5.90000009536743,11,9.6875,7.40223789215088
"221","SP","C",2608,0,NA,6,NA,2607,5.2857141494751,4.625,6,7.2857141494751,5.75,4.85714292526245,7.2857141494751,2.70000004768372,2.88888883590698,6.55555534362793,7,3.85714292526245,1.79999995231628,8.55555534362793,5.33333349227905,5.57142877578735,11,7.9375,5.51185512542725
"222","SP","EHBildu",2609,0,507,8,NA,845,7.55555534362793,5.77777767181396,7,7.5,7,3.57142853736877,8.10000038146973,1.63636362552643,2,6,3.625,7,1.70000004768372,8.39999961853027,5.80000019073486,3.88888883590698,11,8.625,7.12908697128296
"223","SP","CC",2610,0,517,8,33907,234,3.20000004768372,4,5,3,0.428571432828903,5.5,5.5,6.45454549789429,6.55555534362793,4.40000009536743,7.5,3.79999995231628,5.7142858505249,5,NA,5.25,11,5.9375,1.97611284255981
"224","SP","PDeCAT",2611,0,550,8,33911,2605,8.375,7.375,7.88888883590698,6,3.20000004768372,4.2857141494751,8.88888931274414,6.19999980926514,6.59999990463257,3.55555558204651,7.33333349227905,7.55555534362793,4.88888883590698,4,2.25,7.44444465637207,11,8.875,6.72002220153809
"225","SE","S",2701,0,1602,5,11320,904,3.49206352233887,4.02777767181396,4.30555534362793,4.02777767181396,3.05555558204651,5.69444465637207,4.2857141494751,3.05555558204651,3.05555558204651,4.30555534362793,6.94444465637207,3.19444441795349,4.72222232818604,5.97222232818604,5.39682531356812,4.60317468643188,8,7.75,2.54242324829102
"226","SE","M",2702,0,1605,2,11620,657,3.65079355239868,3.33333325386047,4.30555534362793,3.05555558204651,1.94444441795349,5.87301588058472,4.2857141494751,7.36111116409302,7.36111116409302,3.75,7.63888883590698,3.19444441795349,6.25,5.41666650772095,3.96825408935547,6.50793647766113,8,7.6875,2.01535558700562
"227","SE","SD",2703,0,1610,1,11710,1546,7.30158758163452,7.22222232818604,6.94444465637207,6.94444465637207,7.77777767181396,2.22222232818604,7.46031761169434,6.66666650772095,5.83333349227905,0.138888895511627,1.52777779102325,8.05555534362793,8.33333301544189,1.80555558204651,2.06349205970764,7.14285707473755,8,7.6875,7.17740297317505
"228","SE","MP",2704,0,1607,7,11110,1154,5.55555534362793,3.61111116409302,2.22222232818604,4.86111116409302,3.61111116409302,4.60317468643188,7.46031761169434,2.91666674613953,2.77777767181396,8.61111068725586,5,0.833333313465118,1.66666662693024,9.30555534362793,7.14285707473755,3.65079355239868,8,7.6875,2.26159930229187
"229","SE","C",2705,0,1603,11,11810,1461,4.92063474655151,3.88888883590698,2.63888883590698,4.30555534362793,2.63888883590698,4.12698411941528,5.55555534362793,6.25,7.08333349227905,8.47222232818604,6.80555534362793,1.25,2.91666674613953,8.61111068725586,5.55555534362793,5.7142858505249,8,7.6875,1.97379100322723
"230","SE","V",2706,0,1601,6,11220,882,5.55555534362793,4.44444465637207,3.75,6.38888883590698,6.11111116409302,3.8095235824585,6.66666650772095,0.972222208976746,0.833333313465118,8.61111068725586,2.36111116409302,1.25,2.08333325386047,8.88888931274414,5.87301588058472,4.44444465637207,8,7.625,4.15875816345215
"231","SE","L",2707,0,1604,3,11420,892,4.2857141494751,3.65079355239868,3.33333325386047,3.47222232818604,2.22222232818604,5.7142858505249,3.65079355239868,6.11111116409302,6.94444465637207,6.11111116409302,9.02777767181396,2.08333325386047,4.16666650772095,7.5,5.39682531356812,5.39682531356812,8,7.625,1.84898912906647
"232","SE","KD",2708,0,1606,4,11520,282,5.7142858505249,4.2857141494751,4.02777767181396,4.16666650772095,3.75,3.8095235824585,5.07936525344849,7.63888883590698,6.80555534362793,4.30555534362793,6.11111116409302,4.44444465637207,5.83333349227905,1.94444441795349,5.07936525344849,5.55555534362793,8,7.625,3.21333432197571
"233","CH","SVPUDC",2801,0,3601,1,43810,750,8.39999961853027,8.80000019073486,8.44444465637207,9.30000019073486,8.60000038146973,3,9.10000038146973,9.39999961853027,8.30000019073486,2.20000004768372,0.400000005960464,9.19999980926514,8.60000038146973,1.20000004768372,3.28571438789368,7.90000009536743,10,9.6875,9.26410579681396
"234","CH","SPPS",2802,0,3602,5,43320,35,4.80000019073486,3.09999990463257,4.22222232818604,6.19999980926514,5.09999990463257,5.33333349227905,6,2.20000004768372,2,7.19999980926514,8.10000038146973,1,2.29999995231628,9,7.85714292526245,4.40000009536743,10,9.6875,3.82191729545593
"235","CH","FDP",2803,0,3603,3,43420,26,3.29999995231628,3,3.11111116409302,5.30000019073486,1.79999995231628,6.88888883590698,3.70000004768372,7.40000009536743,8.60000038146973,4.90000009536743,5.30000019073486,3.90000009536743,4.30000019073486,6.59999990463257,6.57142877578735,4.09999990463257,10,9.6875,1.79392123222351
"236","CH","CVPPDC",2804,0,3604,4,43520,531,3.59999990463257,3.20000004768372,3.22222232818604,5.40000009536743,2.09999990463257,6.66666650772095,3.90000009536743,6,5.80000019073486,4.59999990463257,5.30000019073486,5.19999980926514,5.19999980926514,2.79999995231628,7,5.09999990463257,10,9.625,2.04969120025635
"237","CH","Grune",2805,0,3605,7,43110,141,5,2.40000009536743,3.33333325386047,6,4.09999990463257,5.11111116409302,5.30000019073486,2,2.20000004768372,7.5,7.69999980926514,1.20000004768372,1.89999997615814,8.89999961853027,8.14285755157471,3.40000009536743,10,9.6875,3.04241299629211
"238","CH","GPLPVL",2806,0,3606,7,43120,308,3,2.70000004768372,2.88888883590698,5.09999990463257,2,6.33333349227905,4.19999980926514,5.19999980926514,6.40000009536743,5.90000009536743,6,2.59999990463257,2.5,8.30000019073486,5.40000009536743,5.09999990463257,10,9.5,1.55442464351654
"239","CH","BDP",2807,0,3612,2,43811,1213,2.09999990463257,2.90000009536743,2.88888883590698,5.5,2.20000004768372,5.33333349227905,4.19999980926514,6.09999990463257,6,4.69999980926514,4.66666650772095,4.11111116409302,3.90000009536743,4.19999980926514,6.19999980926514,4.69999980926514,10,9.4375,1.47688627243042
"240","CH","EVPPEP",2808,0,3607,4,43711,602,3.75,4.55555534362793,4.2857141494751,4.85714292526245,3,5.14285707473755,4.75,5.88888883590698,4.25,4.25,3.57142853736877,5.57142877578735,6.125,2.44444441795349,NA,3.5,10,7.4375,2.85593056678772
"241","CH","LdT",2809,0,3610,1,43901,1500,8.30000019073486,8.60000038146973,8.22222232818604,9.19999980926514,8,3,8.89999961853027,8.19999980926514,5.85714292526245,2.09999990463257,0.600000023841858,9,8.75,2.57142853736877,2.79999995231628,7.66666650772095,10,8.9375,8.93325519561768
"242","CH","PdA",2810,0,NA,6,43220,1167,6.88888883590698,5.5,6.14285707473755,6.625,6.80000019073486,3.25,6.625,0.400000005960464,1.20000004768372,7.7142858505249,5,1.71428573131561,2,8.66666698455811,NA,3.16666674613953,10,7.875,6.16570711135864
"243","CH","MCG",2811,0,NA,1,43902,2599,7.80000019073486,8.39999961853027,8,9,7.90000009536743,3.25,8.55555534362793,8.10000038146973,6.14285707473755,2.20000004768372,0.888888895511627,8.89999961853027,8.33333301544189,2,3,7.75,10,8.6875,8.5792989730835
"244","UK","Con",2901,0,1101,2,51620,773,5.09090900421143,4.09999990463257,4.5,2.27272725105286,1.45454549789429,5.33333349227905,6.09999990463257,7.27272748947144,7.36363649368286,2.27272725105286,2.18181824684143,5.63636350631714,7.18181800842285,3.18181824684143,3.54545450210571,6.69999980926514,11,10.625,2.2623085975647
"245","UK","Lab",2902,0,1102,5,51320,1556,5.09090900421143,3,4.19999980926514,4.63636350631714,5.63636350631714,5.66666650772095,5.80000019073486,2.72727274894714,2.90909099578857,5.54545450210571,5.45454549789429,2.45454549789429,3.72727274894714,7.63636350631714,6.36363649368286,7.90000009536743,11,10.625,3.58379745483398
"246","UK","SNP",2903,0,1105,8,51902,1284,5,2.875,4.11111116409302,4.55555534362793,4.90000009536743,6,6.88888883590698,3.36363625526428,3.45454549789429,7.27272748947144,8,2.20000004768372,3.375,7.72727251052856,6.14285707473755,6.55555534362793,11,9.375,3.31025290489197
"247","UK","LD",2904,0,1104,3,51421,659,3,2.09999990463257,2.5,3.54545450210571,2.90909099578857,7,4,4.54545450210571,4.72727251052856,7.72727251052856,8.6363639831543,1.27272725105286,2.18181824684143,8.6363639831543,6.90909099578857,5.09999990463257,11,10.625,1.07717144489288
"248","UK","Plaid",2907,0,1106,8,51901,311,3.5,3.20000004768372,3,5,4.80000019073486,NA,6.40000009536743,3.125,3.14285707473755,7.19999980926514,8,2.33333325386047,3,7.33333349227905,NA,NA,11,5.1875,2.40348672866821
"249","UK","GP",2908,0,1107,7,51110,467,3.5,1.71428573131561,2.57142853736877,5.85714292526245,5,6.33333349227905,5,2.27272725105286,2.36363625526428,8.18181800842285,8.18181800842285,0.5,1.10000002384186,9.27272701263428,7.25,3.11111116409302,11,8.9375,2.31476092338562
"250","UK","UKIP",2910,0,1108,1,51951,1272,7.45454549789429,6.09999990463257,7.09999990463257,6.54545450210571,7.27272748947144,1.66666662693024,8.89999961853027,8.27272701263428,6.18181800842285,0.454545468091965,0.181818187236786,8.45454502105713,9,1.45454549789429,4,7.90000009536743,11,10.5625,6.99039649963379
